{
  "ticket_total": 6,
  "ticket_1": {
    "link": "#",
    "pic": "musicalchild1.gif",
    "alt": "티켓",
    "rank": 1,
    "title": "세비야의이발사",
    "place": "노원어린이극장",
    "date": "2023.06.24 ~ 2023.06.24",
    "sale": "단독판매"
  },
  "ticket_2": {
    "link": "#",
    "pic": "musicalchild2.gif",
    "alt": "티켓",
    "rank": 2,
    "title": "뮤지컬 〈수박수영장〉",
    "place": "국립중앙박물관 극장 용",
    "date": "2023.07.01 ~ 2023.08.27",
    "sale": "단독판매"
  },
  "ticket_3": {
    "link": "#",
    "pic": "musicalchild3.gif",
    "alt": "티켓",
    "rank": 3,
    "title": "뮤지컬 〈장수탕 선녀님〉- 서울숲",
    "place": "서울숲 씨어터 2관 ",
    "date": "2021.09.16 ~ 2023.08.31",
    "sale": "단독판매"
  },
  "ticket_4": {
    "link": "#",
    "pic": "musicalchild4.gif",
    "alt": "티켓",
    "rank": 4,
    "title": "가족뮤지컬 〈슈퍼클로젯〉",
    "place": "세종문화회관 M씨어터",
    "date": "2023.04.20 ~ 2023.06.11",
    "sale": "단독판매"
  },
  "ticket_5": {
    "link": "#",
    "pic": "musicalchild5.gif",
    "alt": "티켓",
    "rank": 5,
    "title": "뮤지컬 미니특공대 브이레인저스 - 서울앵콜",
    "place": "유니버설아트센터",
    "date": "2023.07.08 ~ 2023.07.16",
    "sale": "좌석우위"
  },
  "ticket_6": {
    "link": "#",
    "pic": "musicalchild6.gif",
    "alt": "티켓",
    "rank": 6,
    "title": "뮤지컬 〈알사탕〉 - 서울숲",
    "place": "서울숲 씨어터 1관",
    "date": "2021.09.18 ~ 2023.08.31",
    "sale": "단독판매"
  }
}
